Catégorie,Sous-catégorie
"Achat, Logistique",Achats
"Achat, Logistique",Gestion de Stock
"Achat, Logistique",Logistique
"Achat, Logistique",Voir toutes les formations
"Achat, Logistique",Référencer mes formations
"Achat, Logistique",.
"Achat, Logistique",Rechercher une formation
"Achat, Logistique",Anglais
"Achat, Logistique",Management
"Achat, Logistique",Informatique
"Achat, Logistique",Ressources Humaines
"Achat, Logistique",Secrétariat
"Achat, Logistique",Bilan de compétences
"Achat, Logistique",VAE
"Achat, Logistique",Toutes les catégories
"Achat, Logistique",Des taux de réussite importants
"Achat, Logistique",Un coach qui vous suit
"Achat, Logistique",Ça commence quand vous voulez
"Achat, Logistique",Le Top formations
"Animaux, Nature",Agriculture
"Animaux, Nature",Animalier
"Animaux, Nature",Fleuriste
"Animaux, Nature",Paysagiste
"Animaux, Nature",Soins Vétérinaires
"Animaux, Nature",Voir toutes les formations
"Animaux, Nature",Référencer mes formations
"Animaux, Nature",.
"Animaux, Nature",Rechercher une formation
"Animaux, Nature",Anglais
"Animaux, Nature",Management
"Animaux, Nature",Informatique
"Animaux, Nature",Ressources Humaines
"Animaux, Nature",Secrétariat
"Animaux, Nature",Bilan de compétences
"Animaux, Nature",VAE
"Animaux, Nature",Toutes les catégories
"Animaux, Nature",Des taux de réussite importants
"Animaux, Nature",Un coach qui vous suit
"Animaux, Nature",Ça commence quand vous voulez
"Animaux, Nature",Le Top formations
"Art, Design, Décoration",Art Culture
"Art, Design, Décoration",Audiovisuel
"Art, Design, Décoration",Couture
"Art, Design, Décoration",Décoration
"Art, Design, Décoration",Dessin
"Art, Design, Décoration",Graphisme
"Art, Design, Décoration",Mode
"Art, Design, Décoration",Photographie
"Art, Design, Décoration",Photoshop
"Art, Design, Décoration",Voir toutes les formations
"Art, Design, Décoration",Référencer mes formations
"Art, Design, Décoration",.
"Art, Design, Décoration",Rechercher une formation
"Art, Design, Décoration",Anglais
"Art, Design, Décoration",Management
"Art, Design, Décoration",Informatique
"Art, Design, Décoration",Ressources Humaines
"Art, Design, Décoration",Secrétariat
"Art, Design, Décoration",Bilan de compétences
"Art, Design, Décoration",VAE
"Art, Design, Décoration",Toutes les catégories
"Art, Design, Décoration",Des taux de réussite importants
"Art, Design, Décoration",Un coach qui vous suit
"Art, Design, Décoration",Ça commence quand vous voulez
"Art, Design, Décoration",Le Top formations
"Artisanat, Petit Commerce",Menuiserie
"Artisanat, Petit Commerce",Opticien
"Artisanat, Petit Commerce",Plombier
"Artisanat, Petit Commerce",Voir toutes les formations
"Artisanat, Petit Commerce",Référencer mes formations
"Artisanat, Petit Commerce",.
"Artisanat, Petit Commerce",Rechercher une formation
"Artisanat, Petit Commerce",Anglais
"Artisanat, Petit Commerce",Management
"Artisanat, Petit Commerce",Informatique
"Artisanat, Petit Commerce",Ressources Humaines
"Artisanat, Petit Commerce",Secrétariat
"Artisanat, Petit Commerce",Bilan de compétences
"Artisanat, Petit Commerce",VAE
"Artisanat, Petit Commerce",Toutes les catégories
"Artisanat, Petit Commerce",Des taux de réussite importants
"Artisanat, Petit Commerce",Un coach qui vous suit
"Artisanat, Petit Commerce",Ça commence quand vous voulez
"Artisanat, Petit Commerce",Le Top formations
"Banque, Finance, Assurance",Banque Assurance
"Banque, Finance, Assurance",Finance
"Banque, Finance, Assurance",Trader
"Banque, Finance, Assurance",Voir toutes les formations
"Banque, Finance, Assurance",Référencer mes formations
"Banque, Finance, Assurance",.
"Banque, Finance, Assurance",Rechercher une formation
"Banque, Finance, Assurance",Anglais
"Banque, Finance, Assurance",Management
"Banque, Finance, Assurance",Informatique
"Banque, Finance, Assurance",Ressources Humaines
"Banque, Finance, Assurance",Secrétariat
"Banque, Finance, Assurance",Bilan de compétences
"Banque, Finance, Assurance",VAE
"Banque, Finance, Assurance",Toutes les catégories
"Banque, Finance, Assurance",Des taux de réussite importants
"Banque, Finance, Assurance",Un coach qui vous suit
"Banque, Finance, Assurance",Ça commence quand vous voulez
"Banque, Finance, Assurance",Le Top formations
"Bien-Être, Relaxation",Massage
"Bien-Être, Relaxation",Naturopathie
"Bien-Être, Relaxation",Sophrologie
"Bien-Être, Relaxation",Voir toutes les formations
"Bien-Être, Relaxation",Référencer mes formations
"Bien-Être, Relaxation",.
"Bien-Être, Relaxation",Rechercher une formation
"Bien-Être, Relaxation",Anglais
"Bien-Être, Relaxation",Management
"Bien-Être, Relaxation",Informatique
"Bien-Être, Relaxation",Ressources Humaines
"Bien-Être, Relaxation",Secrétariat
"Bien-Être, Relaxation",Bilan de compétences
"Bien-Être, Relaxation",VAE
"Bien-Être, Relaxation",Toutes les catégories
"Bien-Être, Relaxation",Des taux de réussite importants
"Bien-Être, Relaxation",Un coach qui vous suit
"Bien-Être, Relaxation",Ça commence quand vous voulez
"Bien-Être, Relaxation",Le Top formations
"Bilan De Compétences, VAE",Bilan de Compétences
"Bilan De Compétences, VAE",VAE
"Bilan De Compétences, VAE",Voir toutes les formations
"Bilan De Compétences, VAE",Référencer mes formations
"Bilan De Compétences, VAE",.
"Bilan De Compétences, VAE",Rechercher une formation
"Bilan De Compétences, VAE",Anglais
"Bilan De Compétences, VAE",Management
"Bilan De Compétences, VAE",Informatique
"Bilan De Compétences, VAE",Ressources Humaines
"Bilan De Compétences, VAE",Secrétariat
"Bilan De Compétences, VAE",Bilan de compétences
"Bilan De Compétences, VAE",VAE
"Bilan De Compétences, VAE",Toutes les catégories
"Bilan De Compétences, VAE",Des taux de réussite importants
"Bilan De Compétences, VAE",Un coach qui vous suit
"Bilan De Compétences, VAE",Ça commence quand vous voulez
"Bilan De Compétences, VAE",Le Top formations
"BTP, Travaux, Architecture",Architecture
"BTP, Travaux, Architecture",Autocad
"BTP, Travaux, Architecture",BTP
"BTP, Travaux, Architecture",Conduite de Travaux
"BTP, Travaux, Architecture",Électricité
"BTP, Travaux, Architecture",Habilitation Électrique
"BTP, Travaux, Architecture",Voir toutes les formations
"BTP, Travaux, Architecture",Référencer mes formations
"BTP, Travaux, Architecture",.
"BTP, Travaux, Architecture",Rechercher une formation
"BTP, Travaux, Architecture",Anglais
"BTP, Travaux, Architecture",Management
"BTP, Travaux, Architecture",Informatique
"BTP, Travaux, Architecture",Ressources Humaines
"BTP, Travaux, Architecture",Secrétariat
"BTP, Travaux, Architecture",Bilan de compétences
"BTP, Travaux, Architecture",VAE
"BTP, Travaux, Architecture",Toutes les catégories
"BTP, Travaux, Architecture",Des taux de réussite importants
"BTP, Travaux, Architecture",Un coach qui vous suit
"BTP, Travaux, Architecture",Ça commence quand vous voulez
"BTP, Travaux, Architecture",Le Top formations
"Bureautique, Office",Bureautique
"Bureautique, Office",Excel
"Bureautique, Office",Word
"Bureautique, Office",Voir toutes les formations
"Bureautique, Office",Référencer mes formations
"Bureautique, Office",.
"Bureautique, Office",Rechercher une formation
"Bureautique, Office",Anglais
"Bureautique, Office",Management
"Bureautique, Office",Informatique
"Bureautique, Office",Ressources Humaines
"Bureautique, Office",Secrétariat
"Bureautique, Office",Bilan de compétences
"Bureautique, Office",VAE
"Bureautique, Office",Toutes les catégories
"Bureautique, Office",Des taux de réussite importants
"Bureautique, Office",Un coach qui vous suit
"Bureautique, Office",Ça commence quand vous voulez
"Bureautique, Office",Le Top formations
"Commerce, Marketing",Commerce International
"Commerce, Marketing",Commerce Vente
"Commerce, Marketing",Marketing
"Commerce, Marketing",Voir toutes les formations
"Commerce, Marketing",Référencer mes formations
"Commerce, Marketing",.
"Commerce, Marketing",Rechercher une formation
"Commerce, Marketing",Anglais
"Commerce, Marketing",Management
"Commerce, Marketing",Informatique
"Commerce, Marketing",Ressources Humaines
"Commerce, Marketing",Secrétariat
"Commerce, Marketing",Bilan de compétences
"Commerce, Marketing",VAE
"Commerce, Marketing",Toutes les catégories
"Commerce, Marketing",Des taux de réussite importants
"Commerce, Marketing",Un coach qui vous suit
"Commerce, Marketing",Ça commence quand vous voulez
"Commerce, Marketing",Le Top formations
"Communication, Événementiel",Communication
"Communication, Événementiel",Événementiel
"Communication, Événementiel",Journalisme
"Communication, Événementiel",Wedding Planner
"Communication, Événementiel",Voir toutes les formations
"Communication, Événementiel",Référencer mes formations
"Communication, Événementiel",.
"Communication, Événementiel",Rechercher une formation
"Communication, Événementiel",Anglais
"Communication, Événementiel",Management
"Communication, Événementiel",Informatique
"Communication, Événementiel",Ressources Humaines
"Communication, Événementiel",Secrétariat
"Communication, Événementiel",Bilan de compétences
"Communication, Événementiel",VAE
"Communication, Événementiel",Toutes les catégories
"Communication, Événementiel",Des taux de réussite importants
"Communication, Événementiel",Un coach qui vous suit
"Communication, Événementiel",Ça commence quand vous voulez
"Communication, Événementiel",Le Top formations
"Comptabilité, Gestion",Comptabilité
"Comptabilité, Gestion",Contrôle de gestion
"Comptabilité, Gestion",Voir toutes les formations
"Comptabilité, Gestion",Référencer mes formations
"Comptabilité, Gestion",.
"Comptabilité, Gestion",Rechercher une formation
"Comptabilité, Gestion",Anglais
"Comptabilité, Gestion",Management
"Comptabilité, Gestion",Informatique
"Comptabilité, Gestion",Ressources Humaines
"Comptabilité, Gestion",Secrétariat
"Comptabilité, Gestion",Bilan de compétences
"Comptabilité, Gestion",VAE
"Comptabilité, Gestion",Toutes les catégories
"Comptabilité, Gestion",Des taux de réussite importants
"Comptabilité, Gestion",Un coach qui vous suit
"Comptabilité, Gestion",Ça commence quand vous voulez
"Comptabilité, Gestion",Le Top formations
"Défense, Sécurité, Secourisme",Douane
"Défense, Sécurité, Secourisme",Gendarmerie
"Défense, Sécurité, Secourisme",Incendie
"Défense, Sécurité, Secourisme",Police
"Défense, Sécurité, Secourisme",Sécurité Défense
"Défense, Sécurité, Secourisme",Sécurité Travail
"Défense, Sécurité, Secourisme",SSIAP
"Défense, Sécurité, Secourisme",Voir toutes les formations
"Défense, Sécurité, Secourisme",Référencer mes formations
"Défense, Sécurité, Secourisme",.
"Défense, Sécurité, Secourisme",Rechercher une formation
"Défense, Sécurité, Secourisme",Anglais
"Défense, Sécurité, Secourisme",Management
"Défense, Sécurité, Secourisme",Informatique
"Défense, Sécurité, Secourisme",Ressources Humaines
"Défense, Sécurité, Secourisme",Secrétariat
"Défense, Sécurité, Secourisme",Bilan de compétences
"Défense, Sécurité, Secourisme",VAE
"Défense, Sécurité, Secourisme",Toutes les catégories
"Défense, Sécurité, Secourisme",Des taux de réussite importants
"Défense, Sécurité, Secourisme",Un coach qui vous suit
"Défense, Sécurité, Secourisme",Ça commence quand vous voulez
"Défense, Sécurité, Secourisme",Le Top formations
"Développement Personnel, Épanouissement",Développement Personnel
"Développement Personnel, Épanouissement",Gestion du Stress
"Développement Personnel, Épanouissement",PNL
"Développement Personnel, Épanouissement",Préparation Retraite
"Développement Personnel, Épanouissement",Prise de Parole
"Développement Personnel, Épanouissement",Voir toutes les formations
"Développement Personnel, Épanouissement",Référencer mes formations
"Développement Personnel, Épanouissement",.
"Développement Personnel, Épanouissement",Rechercher une formation
"Développement Personnel, Épanouissement",Anglais
"Développement Personnel, Épanouissement",Management
"Développement Personnel, Épanouissement",Informatique
"Développement Personnel, Épanouissement",Ressources Humaines
"Développement Personnel, Épanouissement",Secrétariat
"Développement Personnel, Épanouissement",Bilan de compétences
"Développement Personnel, Épanouissement",VAE
"Développement Personnel, Épanouissement",Toutes les catégories
"Développement Personnel, Épanouissement",Des taux de réussite importants
"Développement Personnel, Épanouissement",Un coach qui vous suit
"Développement Personnel, Épanouissement",Ça commence quand vous voulez
"Développement Personnel, Épanouissement",Le Top formations
"Digital, Internet",Community Management
"Digital, Internet",Digital
"Digital, Internet",E-Commerce
"Digital, Internet",Facebook
"Digital, Internet",Jeu Video
"Digital, Internet",Marketing Digital
"Digital, Internet",Référencement SEO SEA
"Digital, Internet",Webdesign
"Digital, Internet",Wordpress
"Digital, Internet",Voir toutes les formations
"Digital, Internet",Référencer mes formations
"Digital, Internet",.
"Digital, Internet",Rechercher une formation
"Digital, Internet",Anglais
"Digital, Internet",Management
"Digital, Internet",Informatique
"Digital, Internet",Ressources Humaines
"Digital, Internet",Secrétariat
"Digital, Internet",Bilan de compétences
"Digital, Internet",VAE
"Digital, Internet",Toutes les catégories
"Digital, Internet",Des taux de réussite importants
"Digital, Internet",Un coach qui vous suit
"Digital, Internet",Ça commence quand vous voulez
"Digital, Internet",Le Top formations
"Enseignement, Coaching",Coach Sportif
"Enseignement, Coaching",Coaching
"Enseignement, Coaching",Enseignement
"Enseignement, Coaching",Formateur
"Enseignement, Coaching",Voir toutes les formations
"Enseignement, Coaching",Référencer mes formations
"Enseignement, Coaching",.
"Enseignement, Coaching",Rechercher une formation
"Enseignement, Coaching",Anglais
"Enseignement, Coaching",Management
"Enseignement, Coaching",Informatique
"Enseignement, Coaching",Ressources Humaines
"Enseignement, Coaching",Secrétariat
"Enseignement, Coaching",Bilan de compétences
"Enseignement, Coaching",VAE
"Enseignement, Coaching",Toutes les catégories
"Enseignement, Coaching",Des taux de réussite importants
"Enseignement, Coaching",Un coach qui vous suit
"Enseignement, Coaching",Ça commence quand vous voulez
"Enseignement, Coaching",Le Top formations
"Esthétique, Coiffure",Coiffure
"Esthétique, Coiffure",Esthétique
"Esthétique, Coiffure",Manucure Prothésiste Ongulaire
"Esthétique, Coiffure",Voir toutes les formations
"Esthétique, Coiffure",Référencer mes formations
"Esthétique, Coiffure",.
"Esthétique, Coiffure",Rechercher une formation
"Esthétique, Coiffure",Anglais
"Esthétique, Coiffure",Management
"Esthétique, Coiffure",Informatique
"Esthétique, Coiffure",Ressources Humaines
"Esthétique, Coiffure",Secrétariat
"Esthétique, Coiffure",Bilan de compétences
"Esthétique, Coiffure",VAE
"Esthétique, Coiffure",Toutes les catégories
"Esthétique, Coiffure",Des taux de réussite importants
"Esthétique, Coiffure",Un coach qui vous suit
"Esthétique, Coiffure",Ça commence quand vous voulez
"Esthétique, Coiffure",Le Top formations
"Fonction Publique, Citoyenneté, Droit",Droit
"Fonction Publique, Citoyenneté, Droit",Fonction Publique
"Fonction Publique, Citoyenneté, Droit",Politique
"Fonction Publique, Citoyenneté, Droit",RGPD
"Fonction Publique, Citoyenneté, Droit",Voir toutes les formations
"Fonction Publique, Citoyenneté, Droit",Référencer mes formations
"Fonction Publique, Citoyenneté, Droit",.
"Fonction Publique, Citoyenneté, Droit",Rechercher une formation
"Fonction Publique, Citoyenneté, Droit",Anglais
"Fonction Publique, Citoyenneté, Droit",Management
"Fonction Publique, Citoyenneté, Droit",Informatique
"Fonction Publique, Citoyenneté, Droit",Ressources Humaines
"Fonction Publique, Citoyenneté, Droit",Secrétariat
"Fonction Publique, Citoyenneté, Droit",Bilan de compétences
"Fonction Publique, Citoyenneté, Droit",VAE
"Fonction Publique, Citoyenneté, Droit",Toutes les catégories
"Fonction Publique, Citoyenneté, Droit",Des taux de réussite importants
"Fonction Publique, Citoyenneté, Droit",Un coach qui vous suit
"Fonction Publique, Citoyenneté, Droit",Ça commence quand vous voulez
"Fonction Publique, Citoyenneté, Droit",Le Top formations
"Hôtellerie, Restauration, Cuisine",Boulanger
"Hôtellerie, Restauration, Cuisine",Brasseur
"Hôtellerie, Restauration, Cuisine",Cuisine
"Hôtellerie, Restauration, Cuisine",Hôtellerie
"Hôtellerie, Restauration, Cuisine",Pâtisserie
"Hôtellerie, Restauration, Cuisine",Restauration
"Hôtellerie, Restauration, Cuisine",Vin et Spiritueux
"Hôtellerie, Restauration, Cuisine",Voir toutes les formations
"Hôtellerie, Restauration, Cuisine",Référencer mes formations
"Hôtellerie, Restauration, Cuisine",.
"Hôtellerie, Restauration, Cuisine",Rechercher une formation
"Hôtellerie, Restauration, Cuisine",Anglais
"Hôtellerie, Restauration, Cuisine",Management
"Hôtellerie, Restauration, Cuisine",Informatique
"Hôtellerie, Restauration, Cuisine",Ressources Humaines
"Hôtellerie, Restauration, Cuisine",Secrétariat
"Hôtellerie, Restauration, Cuisine",Bilan de compétences
"Hôtellerie, Restauration, Cuisine",VAE
"Hôtellerie, Restauration, Cuisine",Toutes les catégories
"Hôtellerie, Restauration, Cuisine",Des taux de réussite importants
"Hôtellerie, Restauration, Cuisine",Un coach qui vous suit
"Hôtellerie, Restauration, Cuisine",Ça commence quand vous voulez
"Hôtellerie, Restauration, Cuisine",Le Top formations
"Immobilier, Urbanisme",Gestion Locative
"Immobilier, Urbanisme",Immobilier
"Immobilier, Urbanisme",Urbanisme
"Immobilier, Urbanisme",Voir toutes les formations
"Immobilier, Urbanisme",Référencer mes formations
"Immobilier, Urbanisme",.
"Immobilier, Urbanisme",Rechercher une formation
"Immobilier, Urbanisme",Anglais
"Immobilier, Urbanisme",Management
"Immobilier, Urbanisme",Informatique
"Immobilier, Urbanisme",Ressources Humaines
"Immobilier, Urbanisme",Secrétariat
"Immobilier, Urbanisme",Bilan de compétences
"Immobilier, Urbanisme",VAE
"Immobilier, Urbanisme",Toutes les catégories
"Immobilier, Urbanisme",Des taux de réussite importants
"Immobilier, Urbanisme",Un coach qui vous suit
"Immobilier, Urbanisme",Ça commence quand vous voulez
"Immobilier, Urbanisme",Le Top formations
"Industrie, Matériaux, Énergie",Agroalimentaire
"Industrie, Matériaux, Énergie",CAO
"Industrie, Matériaux, Énergie",Électronique
"Industrie, Matériaux, Énergie",Énergie
"Industrie, Matériaux, Énergie",Génie Climatique
"Industrie, Matériaux, Énergie",Génie Industriel
"Industrie, Matériaux, Énergie",Manutention
"Industrie, Matériaux, Énergie",Mécanique
"Industrie, Matériaux, Énergie",Mécanique Automobile
"Industrie, Matériaux, Énergie",Métallurgie Soudure
"Industrie, Matériaux, Énergie",Voir toutes les formations
"Industrie, Matériaux, Énergie",Référencer mes formations
"Industrie, Matériaux, Énergie",.
"Industrie, Matériaux, Énergie",Rechercher une formation
"Industrie, Matériaux, Énergie",Anglais
"Industrie, Matériaux, Énergie",Management
"Industrie, Matériaux, Énergie",Informatique
"Industrie, Matériaux, Énergie",Ressources Humaines
"Industrie, Matériaux, Énergie",Secrétariat
"Industrie, Matériaux, Énergie",Bilan de compétences
"Industrie, Matériaux, Énergie",VAE
"Industrie, Matériaux, Énergie",Toutes les catégories
"Industrie, Matériaux, Énergie",Des taux de réussite importants
"Industrie, Matériaux, Énergie",Un coach qui vous suit
"Industrie, Matériaux, Énergie",Ça commence quand vous voulez
"Industrie, Matériaux, Énergie",Le Top formations
"Informatique, DATA, SIG",Cybersécurité
"Informatique, DATA, SIG",DATA
"Informatique, DATA, SIG",Développeur Informatique
"Informatique, DATA, SIG",Développeur Web
"Informatique, DATA, SIG",Informatique
"Informatique, DATA, SIG",Intelligence Artificielle
"Informatique, DATA, SIG",Maintenance Informatique
"Informatique, DATA, SIG",Voir toutes les formations
"Informatique, DATA, SIG",Référencer mes formations
"Informatique, DATA, SIG",.
"Informatique, DATA, SIG",Rechercher une formation
"Informatique, DATA, SIG",Anglais
"Informatique, DATA, SIG",Management
"Informatique, DATA, SIG",Informatique
"Informatique, DATA, SIG",Ressources Humaines
"Informatique, DATA, SIG",Secrétariat
"Informatique, DATA, SIG",Bilan de compétences
"Informatique, DATA, SIG",VAE
"Informatique, DATA, SIG",Toutes les catégories
"Informatique, DATA, SIG",Des taux de réussite importants
"Informatique, DATA, SIG",Un coach qui vous suit
"Informatique, DATA, SIG",Ça commence quand vous voulez
"Informatique, DATA, SIG",Le Top formations
Langues,Allemand
Langues,Anglais
Langues,Espagnol
Langues,Français
Langues,Italien
Langues,Langue des Signes
Langues,Autres Langues
Langues,Voir toutes les formations
Langues,Référencer mes formations
Langues,.
Langues,Rechercher une formation
Langues,Anglais
Langues,Management
Langues,Informatique
Langues,Ressources Humaines
Langues,Secrétariat
Langues,Bilan de compétences
Langues,VAE
Langues,Toutes les catégories
Langues,Des taux de réussite importants
Langues,Un coach qui vous suit
Langues,Ça commence quand vous voulez
Langues,Le Top formations
"Management, Direction",Entrepreneuriat
"Management, Direction",Gestion D'Entreprise
"Management, Direction",Gestion de Projets
"Management, Direction",Management
"Management, Direction",Voir toutes les formations
"Management, Direction",Référencer mes formations
"Management, Direction",.
"Management, Direction",Rechercher une formation
"Management, Direction",Anglais
"Management, Direction",Management
"Management, Direction",Informatique
"Management, Direction",Ressources Humaines
"Management, Direction",Secrétariat
"Management, Direction",Bilan de compétences
"Management, Direction",VAE
"Management, Direction",Toutes les catégories
"Management, Direction",Des taux de réussite importants
"Management, Direction",Un coach qui vous suit
"Management, Direction",Ça commence quand vous voulez
"Management, Direction",Le Top formations
"Petite Enfance, Puériculture",Assistante Maternelle
"Petite Enfance, Puériculture",Auxiliaire de Puériculture
"Petite Enfance, Puériculture",Éducateur Jeunes Enfants
"Petite Enfance, Puériculture",Petite Enfance
"Petite Enfance, Puériculture",Sage-Femme
"Petite Enfance, Puériculture",Voir toutes les formations
"Petite Enfance, Puériculture",Référencer mes formations
"Petite Enfance, Puériculture",.
"Petite Enfance, Puériculture",Rechercher une formation
"Petite Enfance, Puériculture",Anglais
"Petite Enfance, Puériculture",Management
"Petite Enfance, Puériculture",Informatique
"Petite Enfance, Puériculture",Ressources Humaines
"Petite Enfance, Puériculture",Secrétariat
"Petite Enfance, Puériculture",Bilan de compétences
"Petite Enfance, Puériculture",VAE
"Petite Enfance, Puériculture",Toutes les catégories
"Petite Enfance, Puériculture",Des taux de réussite importants
"Petite Enfance, Puériculture",Un coach qui vous suit
"Petite Enfance, Puériculture",Ça commence quand vous voulez
"Petite Enfance, Puériculture",Le Top formations
Qualité Hygiène Sécurité Environnement,Environnement
Qualité Hygiène Sécurité Environnement,Hygiène
Qualité Hygiène Sécurité Environnement,Nettoyage
Qualité Hygiène Sécurité Environnement,QHSE
Qualité Hygiène Sécurité Environnement,Qualité
Qualité Hygiène Sécurité Environnement,Voir toutes les formations
Qualité Hygiène Sécurité Environnement,Référencer mes formations
Qualité Hygiène Sécurité Environnement,.
Qualité Hygiène Sécurité Environnement,Rechercher une formation
Qualité Hygiène Sécurité Environnement,Anglais
Qualité Hygiène Sécurité Environnement,Management
Qualité Hygiène Sécurité Environnement,Informatique
Qualité Hygiène Sécurité Environnement,Ressources Humaines
Qualité Hygiène Sécurité Environnement,Secrétariat
Qualité Hygiène Sécurité Environnement,Bilan de compétences
Qualité Hygiène Sécurité Environnement,VAE
Qualité Hygiène Sécurité Environnement,Toutes les catégories
Qualité Hygiène Sécurité Environnement,Des taux de réussite importants
Qualité Hygiène Sécurité Environnement,Un coach qui vous suit
Qualité Hygiène Sécurité Environnement,Ça commence quand vous voulez
Qualité Hygiène Sécurité Environnement,Le Top formations
"Réseaux, Telecom",Telecom
"Réseaux, Telecom",Voir toutes les formations
"Réseaux, Telecom",Référencer mes formations
"Réseaux, Telecom",.
"Réseaux, Telecom",Rechercher une formation
"Réseaux, Telecom",Anglais
"Réseaux, Telecom",Management
"Réseaux, Telecom",Informatique
"Réseaux, Telecom",Ressources Humaines
"Réseaux, Telecom",Secrétariat
"Réseaux, Telecom",Bilan de compétences
"Réseaux, Telecom",VAE
"Réseaux, Telecom",Toutes les catégories
"Réseaux, Telecom",Des taux de réussite importants
"Réseaux, Telecom",Un coach qui vous suit
"Réseaux, Telecom",Ça commence quand vous voulez
"Réseaux, Telecom",Le Top formations
"Ressources Humaines, Paie",CSE
"Ressources Humaines, Paie",Paie
"Ressources Humaines, Paie",Ressources Humaines
"Ressources Humaines, Paie",Voir toutes les formations
"Ressources Humaines, Paie",Référencer mes formations
"Ressources Humaines, Paie",.
"Ressources Humaines, Paie",Rechercher une formation
"Ressources Humaines, Paie",Anglais
"Ressources Humaines, Paie",Management
"Ressources Humaines, Paie",Informatique
"Ressources Humaines, Paie",Ressources Humaines
"Ressources Humaines, Paie",Secrétariat
"Ressources Humaines, Paie",Bilan de compétences
"Ressources Humaines, Paie",VAE
"Ressources Humaines, Paie",Toutes les catégories
"Ressources Humaines, Paie",Des taux de réussite importants
"Ressources Humaines, Paie",Un coach qui vous suit
"Ressources Humaines, Paie",Ça commence quand vous voulez
"Ressources Humaines, Paie",Le Top formations
"Santé, Médecine",Aide Soignant
"Santé, Médecine",Diététique
"Santé, Médecine",Infirmier
"Santé, Médecine",Kinésithérapeute
"Santé, Médecine",Orthophoniste
"Santé, Médecine",Pharmacie
"Santé, Médecine",PRAP
"Santé, Médecine",Psychologie
"Santé, Médecine",Santé
"Santé, Médecine",Secrétaire Médical
"Santé, Médecine",Soins Dentaires
"Santé, Médecine",Voir toutes les formations
"Santé, Médecine",Référencer mes formations
"Santé, Médecine",.
"Santé, Médecine",Rechercher une formation
"Santé, Médecine",Anglais
"Santé, Médecine",Management
"Santé, Médecine",Informatique
"Santé, Médecine",Ressources Humaines
"Santé, Médecine",Secrétariat
"Santé, Médecine",Bilan de compétences
"Santé, Médecine",VAE
"Santé, Médecine",Toutes les catégories
"Santé, Médecine",Des taux de réussite importants
"Santé, Médecine",Un coach qui vous suit
"Santé, Médecine",Ça commence quand vous voulez
"Santé, Médecine",Le Top formations
Sciences,Biologie
Sciences,Chimie
Sciences,Mathématiques
Sciences,Sciences Humaines
Sciences,Voir toutes les formations
Sciences,Référencer mes formations
Sciences,.
Sciences,Rechercher une formation
Sciences,Anglais
Sciences,Management
Sciences,Informatique
Sciences,Ressources Humaines
Sciences,Secrétariat
Sciences,Bilan de compétences
Sciences,VAE
Sciences,Toutes les catégories
Sciences,Des taux de réussite importants
Sciences,Un coach qui vous suit
Sciences,Ça commence quand vous voulez
Sciences,Le Top formations
"Secrétariat, Accueil",Accueil
"Secrétariat, Accueil",Secrétariat
"Secrétariat, Accueil",Voir toutes les formations
"Secrétariat, Accueil",Référencer mes formations
"Secrétariat, Accueil",.
"Secrétariat, Accueil",Rechercher une formation
"Secrétariat, Accueil",Anglais
"Secrétariat, Accueil",Management
"Secrétariat, Accueil",Informatique
"Secrétariat, Accueil",Ressources Humaines
"Secrétariat, Accueil",Secrétariat
"Secrétariat, Accueil",Bilan de compétences
"Secrétariat, Accueil",VAE
"Secrétariat, Accueil",Toutes les catégories
"Secrétariat, Accueil",Des taux de réussite importants
"Secrétariat, Accueil",Un coach qui vous suit
"Secrétariat, Accueil",Ça commence quand vous voulez
"Secrétariat, Accueil",Le Top formations
"Social, Services à la Personne",Auxiliaire de Vie
"Social, Services à la Personne",Éducateur
"Social, Services à la Personne",Insertion Professionnelle
"Social, Services à la Personne",Social
"Social, Services à la Personne",Voir toutes les formations
"Social, Services à la Personne",Référencer mes formations
"Social, Services à la Personne",.
"Social, Services à la Personne",Rechercher une formation
"Social, Services à la Personne",Anglais
"Social, Services à la Personne",Management
"Social, Services à la Personne",Informatique
"Social, Services à la Personne",Ressources Humaines
"Social, Services à la Personne",Secrétariat
"Social, Services à la Personne",Bilan de compétences
"Social, Services à la Personne",VAE
"Social, Services à la Personne",Toutes les catégories
"Social, Services à la Personne",Des taux de réussite importants
"Social, Services à la Personne",Un coach qui vous suit
"Social, Services à la Personne",Ça commence quand vous voulez
"Social, Services à la Personne",Le Top formations
"Tourisme, Loisirs",Tourisme
"Tourisme, Loisirs",Voir toutes les formations
"Tourisme, Loisirs",Référencer mes formations
"Tourisme, Loisirs",.
"Tourisme, Loisirs",Rechercher une formation
"Tourisme, Loisirs",Anglais
"Tourisme, Loisirs",Management
"Tourisme, Loisirs",Informatique
"Tourisme, Loisirs",Ressources Humaines
"Tourisme, Loisirs",Secrétariat
"Tourisme, Loisirs",Bilan de compétences
"Tourisme, Loisirs",VAE
"Tourisme, Loisirs",Toutes les catégories
"Tourisme, Loisirs",Des taux de réussite importants
"Tourisme, Loisirs",Un coach qui vous suit
"Tourisme, Loisirs",Ça commence quand vous voulez
"Tourisme, Loisirs",Le Top formations
"Transport, Permis",Taxi
"Transport, Permis",Transport
"Transport, Permis",VTC
"Transport, Permis",Voir toutes les formations
"Transport, Permis",Référencer mes formations
"Transport, Permis",.
"Transport, Permis",Rechercher une formation
"Transport, Permis",Anglais
"Transport, Permis",Management
"Transport, Permis",Informatique
"Transport, Permis",Ressources Humaines
"Transport, Permis",Secrétariat
"Transport, Permis",Bilan de compétences
"Transport, Permis",VAE
"Transport, Permis",Toutes les catégories
"Transport, Permis",Des taux de réussite importants
"Transport, Permis",Un coach qui vous suit
"Transport, Permis",Ça commence quand vous voulez
"Transport, Permis",Le Top formations
"Achat, Logistique",Achats
"Achat, Logistique",Gestion de Stock
"Achat, Logistique",Logistique
"Achat, Logistique",Voir toutes les formations
"Achat, Logistique",Référencer mes formations
"Achat, Logistique",.
"Achat, Logistique",Rechercher une formation
"Achat, Logistique",Anglais
"Achat, Logistique",Management
"Achat, Logistique",Informatique
"Achat, Logistique",Ressources Humaines
"Achat, Logistique",Secrétariat
"Achat, Logistique",Bilan de compétences
"Achat, Logistique",VAE
"Achat, Logistique",Toutes les catégories
"Achat, Logistique",Des taux de réussite importants
"Achat, Logistique",Un coach qui vous suit
"Achat, Logistique",Ça commence quand vous voulez
"Achat, Logistique",Le Top formations
"Animaux, Nature",Agriculture
"Animaux, Nature",Animalier
"Animaux, Nature",Fleuriste
"Animaux, Nature",Paysagiste
"Animaux, Nature",Soins Vétérinaires
"Animaux, Nature",Voir toutes les formations
"Animaux, Nature",Référencer mes formations
"Animaux, Nature",.
"Animaux, Nature",Rechercher une formation
"Animaux, Nature",Anglais
"Animaux, Nature",Management
"Animaux, Nature",Informatique
"Animaux, Nature",Ressources Humaines
"Animaux, Nature",Secrétariat
"Animaux, Nature",Bilan de compétences
"Animaux, Nature",VAE
"Animaux, Nature",Toutes les catégories
"Animaux, Nature",Des taux de réussite importants
"Animaux, Nature",Un coach qui vous suit
"Animaux, Nature",Ça commence quand vous voulez
"Animaux, Nature",Le Top formations
"Art, Design, Décoration",Art Culture
"Art, Design, Décoration",Audiovisuel
"Art, Design, Décoration",Couture
"Art, Design, Décoration",Décoration
"Art, Design, Décoration",Dessin
"Art, Design, Décoration",Graphisme
"Art, Design, Décoration",Mode
"Art, Design, Décoration",Photographie
"Art, Design, Décoration",Photoshop
"Art, Design, Décoration",Voir toutes les formations
"Art, Design, Décoration",Référencer mes formations
"Art, Design, Décoration",.
"Art, Design, Décoration",Rechercher une formation
"Art, Design, Décoration",Anglais
"Art, Design, Décoration",Management
"Art, Design, Décoration",Informatique
"Art, Design, Décoration",Ressources Humaines
"Art, Design, Décoration",Secrétariat
"Art, Design, Décoration",Bilan de compétences
"Art, Design, Décoration",VAE
"Art, Design, Décoration",Toutes les catégories
"Art, Design, Décoration",Des taux de réussite importants
"Art, Design, Décoration",Un coach qui vous suit
"Art, Design, Décoration",Ça commence quand vous voulez
"Art, Design, Décoration",Le Top formations
